{"format": "layers-model", "generatedBy": "keras v2.7.0", "convertedBy": "TensorFlow.js Converter v3.12.0", "modelTopology": {"keras_version": "2.7.0", "backend": "tensorflow", "model_config": {"class_name": "Sequential", "config": {"name": "sequential_3", "layers": [{"class_name": "InputLayer", "config": {"batch_input_shape": [null, 256, 256, 3], "dtype": "float32", "sparse": false, "ragged": false, "name": "conv2d_30_input"}}, {"class_name": "Conv2D", "config": {"name": "conv2d_30", "trainable": true, "batch_input_shape": [null, 256, 256, 3], "dtype": "float32", "filters": 12, "kernel_size": [3, 3], "strides": [1, 1], "padding": "same", "data_format": "channels_last", "dilation_rate": [1, 1], "groups": 1, "activation": "relu", "use_bias": true, "kernel_initializer": {"class_name": "GlorotUniform", "config": {"seed": null}}, "bias_initializer": {"class_name": "Zeros", "config": {}}, "kernel_regularizer": null, "bias_regularizer": null, "activity_regularizer": null, "kernel_constraint": null, "bias_constraint": null}}, {"class_name": "Conv2D", "config": {"name": "conv2d_31", "trainable": true, "dtype": "float32", "filters": 12, "kernel_size": [3, 3], "strides": [1, 1], "padding": "same", "data_format": "channels_last", "dilation_rate": [1, 1], "groups": 1, "activation": "relu", "use_bias": true, "kernel_initializer": {"class_name": "GlorotUniform", "config": {"seed": null}}, "bias_initializer": {"class_name": "Zeros", "config": {}}, "kernel_regularizer": null, "bias_regularizer": null, "activity_regularizer": null, "kernel_constraint": null, "bias_constraint": null}}, {"class_name": "MaxPooling2D", "config": {"name": "max_pooling2d_9", "trainable": true, "dtype": "float32", "pool_size": [3, 3], "padding": "valid", "strides": [3, 3], "data_format": "channels_last"}}, {"class_name": "Conv2D", "config": {"name": "conv2d_32", "trainable": true, "dtype": "float32", "filters": 14, "kernel_size": [3, 3], "strides": [1, 1], "padding": "same", "data_format": "channels_last", "dilation_rate": [1, 1], "groups": 1, "activation": "relu", "use_bias": true, "kernel_initializer": {"class_name": "GlorotUniform", "config": {"seed": null}}, "bias_initializer": {"class_name": "Zeros", "config": {}}, "kernel_regularizer": null, "bias_regularizer": null, "activity_regularizer": null, "kernel_constraint": null, "bias_constraint": null}}, {"class_name": "Conv2D", "config": {"name": "conv2d_33", "trainable": true, "dtype": "float32", "filters": 14, "kernel_size": [3, 3], "strides": [1, 1], "padding": "same", "data_format": "channels_last", "dilation_rate": [1, 1], "groups": 1, "activation": "relu", "use_bias": true, "kernel_initializer": {"class_name": "GlorotUniform", "config": {"seed": null}}, "bias_initializer": {"class_name": "Zeros", "config": {}}, "kernel_regularizer": null, "bias_regularizer": null, "activity_regularizer": null, "kernel_constraint": null, "bias_constraint": null}}, {"class_name": "MaxPooling2D", "config": {"name": "max_pooling2d_10", "trainable": true, "dtype": "float32", "pool_size": [3, 3], "padding": "valid", "strides": [3, 3], "data_format": "channels_last"}}, {"class_name": "Conv2D", "config": {"name": "conv2d_34", "trainable": true, "dtype": "float32", "filters": 28, "kernel_size": [3, 3], "strides": [1, 1], "padding": "same", "data_format": "channels_last", "dilation_rate": [1, 1], "groups": 1, "activation": "relu", "use_bias": true, "kernel_initializer": {"class_name": "GlorotUniform", "config": {"seed": null}}, "bias_initializer": {"class_name": "Zeros", "config": {}}, "kernel_regularizer": null, "bias_regularizer": null, "activity_regularizer": null, "kernel_constraint": null, "bias_constraint": null}}, {"class_name": "Conv2D", "config": {"name": "conv2d_35", "trainable": true, "dtype": "float32", "filters": 28, "kernel_size": [3, 3], "strides": [1, 1], "padding": "same", "data_format": "channels_last", "dilation_rate": [1, 1], "groups": 1, "activation": "relu", "use_bias": true, "kernel_initializer": {"class_name": "GlorotUniform", "config": {"seed": null}}, "bias_initializer": {"class_name": "Zeros", "config": {}}, "kernel_regularizer": null, "bias_regularizer": null, "activity_regularizer": null, "kernel_constraint": null, "bias_constraint": null}}, {"class_name": "MaxPooling2D", "config": {"name": "max_pooling2d_11", "trainable": true, "dtype": "float32", "pool_size": [3, 3], "padding": "valid", "strides": [3, 3], "data_format": "channels_last"}}, {"class_name": "Conv2D", "config": {"name": "conv2d_36", "trainable": true, "dtype": "float32", "filters": 36, "kernel_size": [3, 3], "strides": [1, 1], "padding": "same", "data_format": "channels_last", "dilation_rate": [1, 1], "groups": 1, "activation": "relu", "use_bias": true, "kernel_initializer": {"class_name": "GlorotUniform", "config": {"seed": null}}, "bias_initializer": {"class_name": "Zeros", "config": {}}, "kernel_regularizer": null, "bias_regularizer": null, "activity_regularizer": null, "kernel_constraint": null, "bias_constraint": null}}, {"class_name": "Conv2D", "config": {"name": "conv2d_37", "trainable": true, "dtype": "float32", "filters": 36, "kernel_size": [3, 3], "strides": [1, 1], "padding": "same", "data_format": "channels_last", "dilation_rate": [1, 1], "groups": 1, "activation": "relu", "use_bias": true, "kernel_initializer": {"class_name": "GlorotUniform", "config": {"seed": null}}, "bias_initializer": {"class_name": "Zeros", "config": {}}, "kernel_regularizer": null, "bias_regularizer": null, "activity_regularizer": null, "kernel_constraint": null, "bias_constraint": null}}, {"class_name": "Conv2D", "config": {"name": "conv2d_38", "trainable": true, "dtype": "float32", "filters": 42, "kernel_size": [5, 5], "strides": [1, 1], "padding": "same", "data_format": "channels_last", "dilation_rate": [1, 1], "groups": 1, "activation": "relu", "use_bias": true, "kernel_initializer": {"class_name": "GlorotUniform", "config": {"seed": null}}, "bias_initializer": {"class_name": "Zeros", "config": {}}, "kernel_regularizer": null, "bias_regularizer": null, "activity_regularizer": null, "kernel_constraint": null, "bias_constraint": null}}, {"class_name": "Conv2D", "config": {"name": "conv2d_39", "trainable": true, "dtype": "float32", "filters": 42, "kernel_size": [5, 5], "strides": [1, 1], "padding": "same", "data_format": "channels_last", "dilation_rate": [1, 1], "groups": 1, "activation": "relu", "use_bias": true, "kernel_initializer": {"class_name": "GlorotUniform", "config": {"seed": null}}, "bias_initializer": {"class_name": "Zeros", "config": {}}, "kernel_regularizer": null, "bias_regularizer": null, "activity_regularizer": null, "kernel_constraint": null, "bias_constraint": null}}, {"class_name": "Flatten", "config": {"name": "flatten_3", "trainable": true, "dtype": "float32", "data_format": "channels_last"}}, {"class_name": "Dense", "config": {"name": "dense_6", "trainable": true, "dtype": "float32", "units": 72, "activation": "relu", "use_bias": true, "kernel_initializer": {"class_name": "GlorotUniform", "config": {"seed": null}}, "bias_initializer": {"class_name": "Zeros", "config": {}}, "kernel_regularizer": null, "bias_regularizer": null, "activity_regularizer": null, "kernel_constraint": null, "bias_constraint": null}}, {"class_name": "Dropout", "config": {"name": "dropout_3", "trainable": true, "dtype": "float32", "rate": 0.5, "noise_shape": null, "seed": null}}, {"class_name": "Dense", "config": {"name": "dense_7", "trainable": true, "dtype": "float32", "units": 38, "activation": "softmax", "use_bias": true, "kernel_initializer": {"class_name": "GlorotUniform", "config": {"seed": null}}, "bias_initializer": {"class_name": "Zeros", "config": {}}, "kernel_regularizer": null, "bias_regularizer": null, "activity_regularizer": null, "kernel_constraint": null, "bias_constraint": null}}]}}, "training_config": {"loss": "sparse_categorical_crossentropy", "metrics": [[{"class_name": "MeanMetricWrapper", "config": {"name": "accuracy", "dtype": "float32", "fn": "sparse_categorical_accuracy"}}]], "weighted_metrics": null, "loss_weights": null, "optimizer_config": {"class_name": "Adam", "config": {"name": "Adam", "learning_rate": 9.999999747378752e-05, "decay": 0.0, "beta_1": 0.8999999761581421, "beta_2": 0.9990000128746033, "epsilon": 1e-07, "amsgrad": false}}}}, "weightsManifest": [{"paths": ["group1-shard1of1.bin"], "weights": [{"name": "conv2d_30/kernel", "shape": [3, 3, 3, 12], "dtype": "float32"}, {"name": "conv2d_30/bias", "shape": [12], "dtype": "float32"}, {"name": "conv2d_31/kernel", "shape": [3, 3, 12, 12], "dtype": "float32"}, {"name": "conv2d_31/bias", "shape": [12], "dtype": "float32"}, {"name": "conv2d_32/kernel", "shape": [3, 3, 12, 14], "dtype": "float32"}, {"name": "conv2d_32/bias", "shape": [14], "dtype": "float32"}, {"name": "conv2d_33/kernel", "shape": [3, 3, 14, 14], "dtype": "float32"}, {"name": "conv2d_33/bias", "shape": [14], "dtype": "float32"}, {"name": "conv2d_34/kernel", "shape": [3, 3, 14, 28], "dtype": "float32"}, {"name": "conv2d_34/bias", "shape": [28], "dtype": "float32"}, {"name": "conv2d_35/kernel", "shape": [3, 3, 28, 28], "dtype": "float32"}, {"name": "conv2d_35/bias", "shape": [28], "dtype": "float32"}, {"name": "conv2d_36/kernel", "shape": [3, 3, 28, 36], "dtype": "float32"}, {"name": "conv2d_36/bias", "shape": [36], "dtype": "float32"}, {"name": "conv2d_37/kernel", "shape": [3, 3, 36, 36], "dtype": "float32"}, {"name": "conv2d_37/bias", "shape": [36], "dtype": "float32"}, {"name": "conv2d_38/kernel", "shape": [5, 5, 36, 42], "dtype": "float32"}, {"name": "conv2d_38/bias", "shape": [42], "dtype": "float32"}, {"name": "conv2d_39/kernel", "shape": [5, 5, 42, 42], "dtype": "float32"}, {"name": "conv2d_39/bias", "shape": [42], "dtype": "float32"}, {"name": "dense_6/kernel", "shape": [3402, 72], "dtype": "float32"}, {"name": "dense_6/bias", "shape": [72], "dtype": "float32"}, {"name": "dense_7/kernel", "shape": [72, 38], "dtype": "float32"}, {"name": "dense_7/bias", "shape": [38], "dtype": "float32"}]}]}